Patient,Region,Native_Resolution,Pointing_Game,Saliency_Coverage,Saliency_IoU,Weighted_Dice
BraTS-GLI-01666-000,Whole Tumor,20x20x20,1.0,0.7841,0.1041,0.2727
BraTS-GLI-01666-000,Tumor Core,20x20x20,1.0,0.581,0.1532,0.2796
BraTS-GLI-01666-000,Enhancing Tumor,20x20x20,N/A,N/A,N/A,N/A
BraTS-GLI-01518-000,Whole Tumor,20x24x20,1.0,0.9847,0.1226,0.3044
BraTS-GLI-01518-000,Tumor Core,20x24x20,1.0,0.9362,0.2079,0.4483
BraTS-GLI-01518-000,Enhancing Tumor,20x24x20,0.0,0.0027,0.0,0.0051
BraTS-GLI-01497-000,Whole Tumor,20x22x20,1.0,0.7308,0.2938,0.4403
BraTS-GLI-01497-000,Tumor Core,20x22x20,1.0,0.6139,0.36,0.4536
BraTS-GLI-01497-000,Enhancing Tumor,20x22x20,0.0,0.0449,0.0656,0.0798
BraTS-GLI-01397-000,Whole Tumor,20x22x20,1.0,0.9649,0.0451,0.1034
BraTS-GLI-01397-000,Tumor Core,20x22x20,1.0,0.6252,0.0714,0.1273
BraTS-GLI-01397-000,Enhancing Tumor,20x22x20,0.0,0.1553,0.0312,0.0482
BraTS-GLI-00291-000,Whole Tumor,20x24x20,0.0,0.0,0.0,0.0
BraTS-GLI-00291-000,Tumor Core,20x24x20,0.0,0.0,0.0,0.0
BraTS-GLI-00291-000,Enhancing Tumor,20x24x20,0.0,0.0,0.0,0.0
BraTS-GLI-00022-000,Whole Tumor,20x22x20,1.0,0.7781,0.038,0.1484
BraTS-GLI-00022-000,Tumor Core,20x22x20,1.0,0.693,0.0719,0.1988
BraTS-GLI-00022-000,Enhancing Tumor,20x22x20,0.0,0.2044,0.0,0.0739
BraTS-GLI-00621-000,Whole Tumor,20x24x20,1.0,0.5366,0.2203,0.3677
BraTS-GLI-00621-000,Tumor Core,20x24x20,0.0,0.0,0.0,0.0
BraTS-GLI-00621-000,Enhancing Tumor,20x24x20,0.0,0.0,0.0,0.0
BraTS-GLI-01381-000,Whole Tumor,22x22x20,1.0,0.9899,0.0294,0.1
BraTS-GLI-01381-000,Tumor Core,22x22x20,1.0,0.944,0.0625,0.178
BraTS-GLI-01381-000,Enhancing Tumor,22x22x20,0.0,0.5582,0.0161,0.0938
BraTS-GLI-01256-000,Whole Tumor,20x20x20,1.0,0.9239,0.1439,0.2815
BraTS-GLI-01256-000,Tumor Core,20x20x20,1.0,0.9108,0.2614,0.4182
BraTS-GLI-01256-000,Enhancing Tumor,20x20x20,0.0,0.0659,0.0,0.0583
BraTS-GLI-01080-000,Whole Tumor,20x22x20,1.0,0.9969,0.0227,0.1174
BraTS-GLI-01080-000,Tumor Core,20x22x20,1.0,0.8906,0.0541,0.2221
BraTS-GLI-01080-000,Enhancing Tumor,20x22x20,0.0,0.056,0.0,0.0278
BraTS-GLI-01087-000,Whole Tumor,20x24x20,1.0,0.4667,0.0044,0.0167
BraTS-GLI-01087-000,Tumor Core,20x24x20,1.0,0.7037,0.0278,0.073
BraTS-GLI-01087-000,Enhancing Tumor,20x24x20,1.0,0.3603,0.0323,0.08
BraTS-GLI-00140-000,Whole Tumor,20x22x20,1.0,0.9262,0.2,0.3232
BraTS-GLI-00140-000,Tumor Core,20x22x20,1.0,0.6973,0.2,0.3162
BraTS-GLI-00140-000,Enhancing Tumor,20x22x20,1.0,0.4423,0.1667,0.2873
BraTS-GLI-01610-000,Whole Tumor,20x20x20,1.0,1.0,0.15,0.2981
BraTS-GLI-01610-000,Tumor Core,20x20x20,1.0,0.7677,0.25,0.4501
BraTS-GLI-01610-000,Enhancing Tumor,20x20x20,1.0,0.6976,0.25,0.4023
BraTS-GLI-00419-000,Whole Tumor,20x22x20,1.0,1.0,0.0448,0.0944
BraTS-GLI-00419-000,Tumor Core,20x22x20,1.0,1.0,0.1875,0.2862
BraTS-GLI-00419-000,Enhancing Tumor,20x22x20,0.0,0.0,0.0,0.0
BraTS-GLI-00402-000,Whole Tumor,20x24x20,1.0,0.7581,0.0247,0.1011
BraTS-GLI-00402-000,Tumor Core,20x24x20,1.0,0.7042,0.069,0.2072
BraTS-GLI-00402-000,Enhancing Tumor,20x24x20,0.0,0.4463,0.0458,0.1523
BraTS-GLI-00280-000,Whole Tumor,20x22x20,1.0,0.8116,0.1636,0.258
BraTS-GLI-00280-000,Tumor Core,20x22x20,0.0,0.213,0.04,0.0998
BraTS-GLI-00280-000,Enhancing Tumor,20x22x20,0.0,0.0003,0.0,0.0002
BraTS-GLI-00101-000,Whole Tumor,20x24x20,1.0,0.9154,0.048,0.1195
BraTS-GLI-00101-000,Tumor Core,20x24x20,1.0,0.9206,0.0789,0.1843
BraTS-GLI-00101-000,Enhancing Tumor,20x24x20,0.0,0.2521,0.0161,0.0543
BraTS-GLI-00221-000,Whole Tumor,20x24x20,1.0,0.8883,0.0492,0.1533
BraTS-GLI-00221-000,Tumor Core,20x24x20,1.0,0.8685,0.0667,0.183
BraTS-GLI-00221-000,Enhancing Tumor,20x24x20,0.0,0.401,0.0909,0.1512
BraTS-GLI-01308-000,Whole Tumor,20x22x20,1.0,0.8968,0.1667,0.3897
BraTS-GLI-01308-000,Tumor Core,20x22x20,0.0,0.0,0.0,0.0
BraTS-GLI-01308-000,Enhancing Tumor,20x22x20,0.0,0.1289,0.1,0.1184
BraTS-GLI-01341-000,Whole Tumor,20x24x20,0.0,0.5493,0.4444,0.5171
BraTS-GLI-01341-000,Tumor Core,20x24x20,0.0,0.5215,0.125,0.2394
BraTS-GLI-01341-000,Enhancing Tumor,20x24x20,1.0,0.7383,0.3333,0.4535
BraTS-GLI-00356-000,Whole Tumor,20x22x20,1.0,0.9664,0.027,0.101
BraTS-GLI-00356-000,Tumor Core,20x22x20,1.0,0.9499,0.0488,0.1409
BraTS-GLI-00356-000,Enhancing Tumor,20x22x20,0.0,0.1623,0.0,0.0418
BraTS-GLI-01470-000,Whole Tumor,20x22x20,1.0,0.8969,0.0199,0.0667
BraTS-GLI-01470-000,Tumor Core,20x22x20,1.0,0.6432,0.0968,0.1821
BraTS-GLI-01470-000,Enhancing Tumor,20x22x20,0.0,0.0402,0.0,0.0154
BraTS-GLI-01040-000,Whole Tumor,20x24x20,1.0,0.9265,0.0198,0.1289
BraTS-GLI-01040-000,Tumor Core,20x24x20,1.0,0.8798,0.036,0.1973
BraTS-GLI-01040-000,Enhancing Tumor,20x24x20,0.0,0.3039,0.0,0.0949
BraTS-GLI-01116-000,Whole Tumor,20x24x20,1.0,1.0,0.0556,0.0878
BraTS-GLI-01116-000,Tumor Core,20x24x20,1.0,0.9446,0.2759,0.3231
BraTS-GLI-01116-000,Enhancing Tumor,20x24x20,0.0,0.0,0.0,0.0
BraTS-GLI-01175-000,Whole Tumor,20x20x20,1.0,0.7366,0.048,0.2153
BraTS-GLI-01175-000,Tumor Core,20x20x20,1.0,0.6825,0.0705,0.2526
BraTS-GLI-01175-000,Enhancing Tumor,20x20x20,0.0,0.41,0.0235,0.1612
